qid,rid,match
Q13349,R621592,0
Q18305,R101007,0
Q26370,R001378,1
Q18951,R711514,0
Q12283,R206747,0
Q21644,R470938,0
Q02043,R445532,1
Q15500,R614757,0
Q06958,R361306,1
Q28985,R004007,1
Q18010,R812023,0
Q22634,R185231,1
Q11270,R740765,0
Q15092,R501750,0
Q04944,R888376,0
Q23010,R853833,0
Q21410,R651542,1
Q11292,R535339,0
Q23697,R091189,0
Q26790,R001799,1
Q08845,R703502,0
Q13764,R032197,0
Q02913,R168400,1
Q26162,R001169,1
Q17083,R216151,0
Q17420,R750350,0
Q17430,R781792,0
Q29619,R004645,1
Q25458,R000462,1
Q24824,R492532,0
Q02888,R186902,0
Q17241,R982918,0
Q19817,R943761,0
Q11490,R371818,0
Q26848,R001857,1
Q06930,R901009,0
Q25601,R000605,1
Q24935,R722419,0
Q27394,R002406,1
Q12518,R911411,0
Q08192,R953206,0
Q18869,R090031,0
Q27357,R002369,1
Q07974,R970152,0
Q29975,R005002,1
Q27020,R002029,1
Q25073,R000074,1
Q02463,R337765,0
Q03419,R909348,0
Q05342,R610539,0
Q28090,R003107,1
Q02999,R255622,1
Q06832,R794281,0
Q24196,R980797,0
Q04069,R296587,0
Q26663,R001671,1
Q28664,R003683,1
Q28691,R003710,1
Q00988,R019114,0
Q05486,R202022,1
Q07280,R661044,0
Q24339,R185551,0
Q24022,R736119,1
Q15833,R021115,0
Q10995,R070244,0
Q12231,R569865,0
Q10343,R389220,1
Q01624,R491512,1
Q26832,R001841,1
Q23180,R005132,0
Q23723,R862052,1
Q21985,R275094,0
Q02553,R831345,0
Q06985,R909158,0
Q24227,R426021,1
Q11896,R746113,0
Q09573,R922811,0
Q11380,R609541,0
Q05950,R376213,0
Q03789,R900377,0
Q30574,R005604,1
Q30445,R005474,1
Q22301,R406505,1
Q23096,R836641,1
Q00354,R340631,0
Q00456,R539693,0
Q01262,R993769,0
Q16269,R750987,0
Q14312,R302442,0
Q20551,R245588,1
Q17060,R302554,0
Q25984,R000990,1
Q24005,R845787,0
Q27302,R002314,1
Q11877,R032662,1
Q18940,R804702,0
Q03795,R663879,1
Q11667,R705027,0
Q16399,R422325,0
Q29763,R004789,1
Q28298,R003316,1
Q01205,R342521,0
Q25803,R000808,1
Q01902,R419189,0
Q18056,R820017,0
Q13152,R989218,1
Q09057,R485666,0
Q30144,R005172,1
Q29733,R004759,1
Q01681,R176394,0
Q03881,R568329,0
Q04396,R907064,0
Q03186,R966411,0
Q20944,R864744,0
Q22787,R038477,0
Q12501,R190885,0
Q15296,R212280,0
Q12970,R177379,0
Q27151,R002163,1
Q08698,R343394,0
Q19879,R376208,0
Q27644,R002656,1
Q22378,R192785,1
Q22380,R517721,0
Q29805,R004831,1
Q04484,R236871,0
Q14370,R783058,1
Q07104,R445053,0
Q03535,R520075,0
Q19593,R806021,0
Q08320,R341503,1
Q07723,R761263,0
Q26401,R001409,1
Q22347,R862497,0
Q08853,R020064,1
Q08435,R523169,0
Q14998,R799620,0
Q00271,R033432,0
Q29387,R004411,1
Q06967,R989294,0
Q12950,R067967,0
Q12942,R901321,0
Q22743,R006720,0
Q24820,R512769,0
Q17788,R882540,0
Q22275,R665814,0
Q22824,R528150,0
Q07512,R317990,0
Q09966,R940672,0
Q02351,R690079,1
Q08787,R112611,0
Q07858,R503162,0
Q28947,R003969,1
Q24211,R941482,0
Q19781,R122080,0
Q24488,R570700,0
Q23256,R299762,1
Q12132,R445984,0
Q16154,R990994,0
Q27692,R002706,1
Q00429,R995568,0
Q15384,R198700,0
Q27107,R002117,1
Q02306,R332754,0
Q29518,R004543,1
Q01256,R952565,0
Q12329,R562105,0
Q05052,R857730,1
Q30147,R005175,1
Q12535,R693041,0
Q06504,R949534,0
Q21999,R874140,1
Q23513,R863775,0
Q27960,R002977,1
Q30049,R005077,1
Q26133,R001140,1
Q26148,R001155,1
Q19583,R727145,0
Q05544,R498401,0
Q04407,R189399,1
Q12602,R039815,0
Q06036,R841795,0
Q14089,R838306,0
Q14386,R173106,1
Q24789,R540735,1
Q29849,R004875,1
Q28176,R003194,1
Q07225,R974423,0
Q28095,R003112,1
Q10916,R291709,0
Q17936,R069326,0
Q20139,R049506,0
Q30215,R005243,1
Q27795,R002809,1
Q08861,R754553,0
Q00904,R380291,0
Q20491,R759683,1
Q10330,R313019,1
Q03739,R090522,0
Q09938,R291068,1
Q23258,R398720,0
Q10290,R182552,0
Q06780,R415000,0
Q28404,R003422,1
Q06428,R968202,1
Q08742,R413542,1
Q00948,R784756,0
Q23026,R720619,0
Q26671,R001679,1
Q19145,R525848,1
Q04709,R565278,0
Q05998,R444943,0
Q14147,R203262,0
Q08598,R437793,0
Q12984,R162800,0
Q05318,R515889,0
Q00049,R217235,1
Q18168,R873573,0
Q04594,R624717,0
Q25090,R000092,1
Q28004,R003021,1
Q08777,R565049,0
Q29837,R004863,1
Q09825,R977557,0
Q07535,R971495,0
Q22246,R785794,0
Q14950,R740156,0
Q12055,R725462,1
Q28133,R003151,1
Q08486,R219736,0
Q26982,R001991,1
Q27994,R003011,1
Q25022,R000022,1
Q30333,R005362,1
Q03819,R975590,0
Q16827,R637507,1
Q07051,R209772,0
Q19075,R024610,0
Q29089,R004111,1
Q03635,R504242,1
Q14940,R267063,0
Q03716,R405397,0
Q13999,R823672,1
Q15012,R102943,0
Q09043,R291438,0
Q13956,R086000,0
Q27256,R002268,1
Q30407,R005436,1
Q11193,R271135,0
Q23444,R929647,0
Q11098,R666791,0
Q14198,R739365,1
Q15011,R919650,0
Q29618,R004644,1
Q01959,R765467,0
Q04673,R872826,0
Q12654,R314141,0
Q26062,R001068,1
Q18804,R657819,1
Q03233,R023861,1
Q19215,R871202,0
Q28960,R003982,1
Q01314,R258520,0
Q22042,R728597,0
Q10832,R387288,0
Q27190,R002202,1
Q00715,R605595,0
Q13875,R589174,0
Q08348,R356328,1
Q23951,R262220,0
Q17388,R011640,0
Q19921,R814155,0
Q29992,R005019,1
Q21806,R435022,0
Q02993,R099854,1
Q19658,R243664,1
Q02511,R854823,0
Q25053,R000054,1
Q05944,R767301,0
Q26341,R001348,1
Q21172,R620754,1
Q06710,R308274,1
Q00385,R202619,0
Q00030,R577585,0
Q11240,R141634,0
Q27183,R002195,1
Q14795,R700844,0
Q26443,R001451,1
Q25287,R000290,1
Q09817,R142228,0
Q12660,R251621,0
Q08270,R114398,1
Q14818,R960142,0
Q23417,R365351,0
Q00644,R057299,0
Q01701,R139643,0
Q28217,R003235,1
Q22002,R027105,0
Q29607,R004633,1
Q05721,R286157,0
Q07172,R346716,0
Q08377,R195802,0
Q24901,R261595,0
Q09972,R726263,1
Q21945,R969713,1
Q18746,R694263,0
Q08263,R862008,0
Q10572,R868014,1
Q24816,R581149,1
Q14129,R966087,0
Q24014,R898615,1
Q25732,R000736,1
Q26117,R001124,1
Q18043,R807828,0
Q24572,R546357,0
Q03753,R258583,1
Q00537,R551533,1
Q14455,R331244,0
Q17744,R579806,0
Q08729,R806931,0
Q24483,R536324,0
Q16915,R361951,0
Q07122,R325258,0
Q29868,R004894,1
Q00612,R806142,0
Q05289,R951426,1
Q20254,R283543,1
Q10590,R453197,1
Q26098,R001105,1
Q22448,R909011,0
Q26205,R001212,1
Q00737,R050977,0
Q17812,R590831,0
Q08145,R370657,0
Q17959,R273175,1
Q20665,R581962,1
Q21438,R673396,0
Q27545,R002557,1
Q25154,R000156,1
Q05245,R245411,1
Q14501,R101947,0
Q20434,R990811,0
Q12356,R125089,1
Q00340,R745090,0
Q23733,R391929,0
Q08384,R390532,1
Q24868,R555315,1
Q17437,R223495,1
Q11516,R906690,0
Q20767,R334202,1
Q11743,R951744,0
Q05531,R673190,1
Q02838,R645765,0
Q19374,R636123,0
Q13362,R470551,1
Q06305,R668982,0
Q12103,R802812,1
Q28702,R003721,1
Q14112,R328836,0
Q13347,R924893,0
Q04066,R210542,0
Q15039,R342596,0
Q09435,R217912,0
Q17332,R908174,1
Q30066,R005094,1
Q21278,R678764,1
Q22457,R041587,0
Q29290,R004313,1
Q11576,R879845,0
Q09093,R298310,0
Q28686,R003705,1
Q17363,R232955,0
Q26697,R001705,1
Q04181,R273975,0
Q28328,R003346,1
Q06470,R518872,1
Q16293,R415754,0
Q28570,R003589,1
Q22857,R778592,0
Q22973,R916534,0
Q18067,R265776,1
Q23054,R168373,0
Q03346,R041110,0
Q15582,R406173,0
Q19407,R363532,0
Q11370,R775269,0
Q27416,R002428,1
Q02415,R341843,0
Q02545,R106734,0
Q25311,R000314,1
Q11791,R301080,1
Q04852,R690791,1
Q27067,R002076,1
Q05890,R030643,0
Q05274,R358902,0
Q29877,R004903,1
Q02498,R733588,0
Q24094,R933905,0
Q20709,R678759,0
Q07774,R994922,1
Q28178,R003196,1
Q01828,R273005,0
Q16560,R838098,0
Q20371,R141815,0
Q22029,R556634,0
Q21079,R068057,0
Q27199,R002211,1
Q04833,R109196,0
Q14992,R651034,1
Q24465,R287153,0
Q24740,R728795,1
Q08461,R101519,1
Q30017,R005044,1
Q00788,R866880,0
Q17645,R698048,1
Q09125,R190246,0
Q03434,R424353,0
Q06353,R701428,0
Q13884,R830774,0
Q01567,R556139,0
Q05004,R965017,0
Q15374,R555375,0
Q25385,R000388,1
Q06193,R827530,1
Q21100,R706960,0
Q04366,R012187,0
Q07098,R042000,0
Q08032,R442806,1
Q19425,R625862,0
Q24166,R804952,1
Q09720,R253609,0
Q00370,R540268,0
Q20192,R338805,0
Q20087,R226152,1
Q27536,R002548,1
Q12704,R055405,1
Q11372,R857006,0
Q18530,R101626,0
Q15767,R731630,1
Q01209,R097568,1
Q26039,R001045,1
Q28276,R003294,1
Q14453,R731962,0
Q29978,R005005,1
Q19587,R110349,0
Q29398,R004422,1
Q29429,R004453,1
Q29545,R004570,1
Q07462,R285307,0
Q09261,R284044,0
Q15348,R676777,0
Q13303,R249274,0
Q06416,R015261,0
Q18821,R553758,1
Q17767,R435941,0
Q19305,R176258,0
Q27872,R002887,1
Q28831,R003851,1
Q03497,R321599,0
Q01414,R967668,0
Q04190,R159234,0
Q01956,R954612,1
Q12879,R084585,1
Q24494,R555558,1
Q18883,R933881,0
Q01226,R245755,0
Q04797,R609070,0
Q17180,R824595,1
Q24390,R240530,1
Q01391,R357661,0
Q26466,R001474,1
Q13589,R398771,0
Q27010,R002019,1
Q22504,R143695,1
Q29105,R004127,1
Q11442,R751565,0
Q18334,R259351,0
Q17216,R603240,1
Q10046,R692505,1
Q21749,R960915,0
Q25197,R000200,1
Q26018,R001024,1
Q23522,R880332,1
Q15260,R494250,1
Q02458,R880863,0
Q22206,R381527,0
Q27138,R002149,1
Q29331,R004355,1
Q02469,R490602,1
Q14727,R003720,0
Q14672,R037586,0
Q09847,R013314,1
Q06444,R241399,1
Q10893,R751771,1
Q27782,R002796,1
Q03981,R357782,1
Q17758,R601286,0
Q15690,R533792,0
Q26437,R001445,1
Q29609,R004635,1
Q06278,R419855,0
Q27803,R002818,1
Q21306,R557559,0
Q26114,R001121,1
Q23721,R371148,1
Q29345,R004369,1
Q09777,R165022,0
Q30306,R005335,1
Q02500,R333888,1
Q01619,R183987,1
Q15701,R299517,0
Q00572,R547556,0
Q11250,R164077,1
Q21000,R757286,0
Q15075,R476057,0
Q06635,R737201,1
Q25783,R000788,1
Q29561,R004586,1
Q22065,R216508,0
Q19236,R919441,0
Q21640,R194905,1
Q20455,R089243,0
Q29221,R004243,1
Q13402,R436914,0
Q16881,R432977,0
Q12233,R965129,0
Q17623,R134915,0
Q18034,R982630,0
Q16513,R281342,1
Q00408,R690619,0
Q24504,R359071,0
Q28155,R003173,1
Q24341,R138318,0
Q06385,R449482,0
Q28657,R003676,1
Q11095,R392184,1
Q18129,R985004,0
Q30086,R005114,1
Q13803,R845989,0
Q08762,R629709,1
Q28599,R003618,1
Q19427,R818843,0
Q26262,R001269,1
Q23976,R440861,1
Q26134,R001141,1
Q29842,R004868,1
Q29799,R004825,1
Q30364,R005393,1
Q11321,R387875,1
Q29328,R004352,1
Q12928,R404637,0
Q23889,R749781,0
Q06138,R870158,1
Q17824,R551619,0
Q11800,R546869,0
Q01165,R525060,0
Q19622,R644478,0
Q00163,R180219,1
Q01855,R945305,0
Q01146,R394570,1
Q26778,R001787,1
Q00420,R810991,0
Q16823,R699989,1
Q14203,R959042,0
Q30109,R005137,1
Q19434,R809833,0
Q14092,R729748,0
Q03811,R890231,0
Q09781,R788080,0
Q11072,R040482,0
Q25212,R000215,1
Q15640,R139498,0
Q12440,R793955,0
Q06845,R392157,1
Q03506,R884513,1
Q08750,R636124,1
Q27123,R002134,1
Q12583,R538111,1
Q00625,R768995,0
Q18045,R073441,1
Q29475,R004500,1
Q07380,R028712,1
Q06579,R043393,0
Q09158,R937056,0
Q13540,R664712,0
Q01614,R232784,1
Q08068,R083220,0
Q28473,R003492,1
Q08060,R380782,0
Q28410,R003428,1
Q26102,R001109,1
Q19553,R594825,1
Q27342,R002354,1
Q24420,R940920,1
Q20927,R005994,1
Q18030,R657162,1
Q25641,R000645,1
Q21491,R953627,0
Q29200,R004222,1
Q02033,R009770,1
Q15324,R383059,0
Q26210,R001217,1
Q29648,R004674,1
Q02031,R785625,0
Q00208,R951638,1
Q17921,R076263,0
Q21648,R094175,0
Q27694,R002708,1
Q11219,R187178,0
Q18842,R692580,0
Q11415,R615362,0
Q30514,R005544,1
Q11694,R536406,0
Q08609,R720025,0
Q19356,R541131,0
Q20364,R725263,0
Q30400,R005429,1
Q15002,R400950,1
Q27219,R002231,1
Q26044,R001050,1
Q25500,R000504,1
Q00600,R459730,0
Q05036,R969194,0
Q12480,R981698,0
Q12423,R323755,0
Q19860,R633777,0
Q20473,R179665,0
Q29358,R004382,1
Q03209,R190590,1
Q12363,R694155,1
Q25048,R000049,1
Q21991,R768326,0
Q00006,R299658,0
Q26645,R001653,1
Q20720,R151361,0
Q24370,R563276,1
Q17218,R634416,0
Q26985,R001994,1
Q25112,R000114,1
Q03408,R122664,1
Q24432,R840449,0
Q07724,R728092,0
Q27653,R002665,1
Q03986,R035802,0
Q21996,R932809,0
Q12082,R266865,1
Q10713,R534620,0
Q08993,R821521,1
Q18517,R332713,0
Q12174,R420978,0
Q06068,R878395,0
Q06329,R347865,1
Q03364,R038109,1
Q24285,R272276,0
Q22101,R419729,0
Q08544,R767660,0
Q25604,R000608,1
Q28828,R003848,1
Q16718,R899259,1
Q25482,R000486,1
Q08171,R673645,1
Q30649,R005679,1
Q26980,R001989,1
Q02226,R589449,1
Q14247,R069232,0
Q11532,R201232,1
Q09455,R936679,0
Q13012,R369305,0
Q13282,R733862,1
Q08313,R506241,0
Q11761,R509259,1
Q05378,R216247,0
Q20198,R516632,0
Q25875,R000881,1
Q19799,R886420,1
Q29252,R004274,1
Q25388,R000391,1
Q09461,R192821,0
Q19491,R281619,0
Q13975,R966300,0
Q20243,R694551,1
Q09811,R759690,0
Q25681,R000685,1
Q00061,R020965,1
Q12365,R977658,0
Q28079,R003096,1
Q14803,R150499,0
Q02176,R593361,0
Q01721,R799535,0
Q30216,R005244,1
Q17156,R032622,0
Q26584,R001592,1
Q29761,R004787,1
Q29991,R005018,1
Q27044,R002053,1
Q13146,R531449,1
Q24532,R562809,1
Q15332,R340289,0
Q12136,R370855,0
Q17235,R563298,1
Q05654,R501151,0
Q11978,R105830,0
Q27385,R002397,1
Q28592,R003611,1
Q18685,R568428,1
Q29258,R004280,1
Q09887,R670487,0
Q29039,R004061,1
Q29472,R004497,1
Q27192,R002204,1
Q13143,R821718,0
Q11220,R875548,0
Q24756,R564634,0
Q29426,R004450,1
Q13808,R148791,0
Q17542,R521946,0
Q08606,R458376,0
Q08660,R344761,0
Q17556,R425577,1
Q08053,R155136,0
Q10682,R695062,0
Q21439,R285166,1
Q09052,R790284,0
Q02341,R119365,0
Q13784,R450548,1
Q29593,R004619,1
Q07686,R577612,0
Q29880,R004906,1
Q01114,R021968,1
Q07046,R624276,0
Q21710,R358300,0
Q05163,R090794,0
Q11267,R710799,0
Q06291,R838993,0
Q15103,R762891,0
Q19391,R989541,0
Q17039,R797678,1
Q28215,R003233,1
Q27586,R002598,1
Q02985,R227897,0
Q22678,R882445,0
Q28623,R003642,1
Q26418,R001426,1
Q28084,R003101,1
Q22230,R200572,1
Q24252,R013803,1
Q20372,R860559,0
Q18661,R329463,1
Q11005,R042043,1
Q21064,R045436,0
Q25692,R000696,1
Q06713,R845838,1
Q28543,R003562,1
Q08200,R628866,1
Q16359,R890300,0
Q11482,R786228,0
Q11209,R977040,1
Q26950,R001959,1
Q00958,R245898,1
Q27930,R002946,1
Q22487,R658883,0
Q08661,R634621,0
Q13021,R930721,0
Q12945,R988171,0
Q03121,R259441,0
Q01793,R558109,0
Q28093,R003110,1
Q05207,R590907,1
Q25822,R000827,1
Q26859,R001868,1
Q08595,R935763,1
Q21206,R594172,0
Q22745,R641347,0
Q24770,R085077,0
Q08957,R610199,0
Q22464,R784519,0
Q02447,R107497,1
Q23835,R078729,1
Q13372,R979284,0
Q24570,R808754,0
Q17518,R381855,1
Q02397,R477514,1
Q28703,R003722,1
Q11807,R480428,1
Q13937,R327965,0
Q19751,R783638,0
Q17109,R266379,0
Q10483,R894070,0
Q09842,R401840,1
Q09028,R508272,0
Q02799,R907542,1
Q18438,R721945,1
Q00274,R405525,1
Q24057,R160157,1
Q00080,R081136,0
Q14583,R347817,0
Q21803,R541154,0
Q19588,R374254,0
Q26182,R001189,1
Q11665,R500011,0
Q18140,R982427,1
Q15188,R915113,0
Q06618,R864311,0
Q06633,R972363,0
Q27135,R002146,1
Q24239,R337466,0
Q09821,R760264,0
Q00434,R678038,1
Q00973,R860967,1
Q01663,R043507,1
Q11616,R510919,1
Q26752,R001761,1
Q03315,R591872,1
Q28611,R003630,1
Q26787,R001796,1
Q27360,R002372,1
Q05760,R641774,0
Q19050,R245625,0
Q27827,R002842,1
Q11155,R514771,1
Q22633,R900184,1
Q18023,R274512,0
Q16258,R885987,0
Q13073,R956618,0
Q09678,R975226,0
Q04443,R986322,0
Q12725,R743769,0
Q27622,R002634,1
Q04173,R073232,0
Q07669,R235407,0
Q16459,R401424,0
Q22877,R448663,0
Q07645,R529026,1
Q21122,R337843,1
Q08883,R576966,1
Q24643,R662451,1
Q12556,R341113,0
Q21020,R062807,1
Q25636,R000640,1
Q29583,R004608,1
Q30435,R005464,1
Q27899,R002914,1
Q23458,R129602,0
Q11030,R564729,0
Q02548,R497102,0
Q17141,R440495,0
Q00270,R276085,0
Q25390,R000393,1
Q28337,R003355,1
Q07767,R990257,0
Q07761,R817887,1
Q01786,R633772,0
Q28468,R003486,1
Q10979,R037210,0
Q24703,R915392,0
Q02745,R669134,0
Q01953,R142962,1
Q17010,R167457,0
Q18475,R478722,0
Q28074,R003091,1
Q28935,R003957,1
Q13075,R127183,0
Q17724,R448532,0
Q07406,R247121,0
Q11293,R742600,1
Q14646,R204605,1
Q23571,R370835,0
Q28924,R003946,1
Q11242,R792314,0
Q25280,R000283,1
Q08274,R277094,0
Q07798,R012440,0
Q21862,R344762,0
Q00538,R600870,0
Q02322,R795978,0
Q12973,R609398,1
Q08773,R237984,0
Q03957,R620571,0
Q27895,R002910,1
Q04540,R422420,0
Q24920,R876855,1
Q05299,R270679,0
Q11101,R019829,0
Q28091,R003108,1
Q23601,R769352,0
Q17233,R246477,0
Q26796,R001805,1
Q03461,R099883,0
Q27388,R002400,1
Q13369,R298617,0
Q05510,R287060,1
Q14043,R185342,0
Q19747,R949193,1
Q28613,R003632,1
Q10702,R999030,0
Q30253,R005281,1
Q02810,R305350,0
Q28575,R003594,1
Q00965,R411680,0
Q00516,R772835,0
Q10913,R348196,1
Q12648,R506965,1
Q03521,R766685,0
Q02332,R268184,0
Q15421,R880075,0
Q13438,R232734,1
Q17099,R865643,0
Q27146,R002158,1
Q29751,R004777,1
Q01922,R541879,1
Q06720,R836264,0
Q24615,R384649,0
Q13908,R697748,0
Q16967,R674188,0
Q15389,R823526,0
Q08671,R479125,0
Q15041,R668965,0
Q01586,R997903,1
Q27196,R002208,1
Q24924,R950281,0
Q08550,R875962,1
Q28622,R003641,1
Q24931,R429514,0
Q28361,R003379,1
Q11322,R477836,1
Q27433,R002445,1
Q27951,R002968,1
Q30662,R005692,1
Q15756,R473434,0
Q27324,R002336,1
Q09565,R024982,0
Q25338,R000341,1
Q26123,R001130,1
Q17890,R231272,0
Q07879,R760414,1
Q13038,R794600,0
Q14567,R674468,1
Q17089,R462918,1
Q00171,R873872,1
Q28078,R003095,1
Q13554,R474295,1
Q29136,R004158,1
Q17994,R870067,1
Q16837,R602653,0
Q26424,R001432,1
Q30438,R005467,1
Q29517,R004542,1
Q06980,R570894,0
Q05749,R222916,0
Q12214,R131071,0
Q21938,R911179,0
Q08302,R266824,0
Q11981,R773491,0
Q25347,R000350,1
Q08297,R975050,1
Q27736,R002750,1
Q16876,R567965,0
Q15259,R518715,0
Q28479,R003498,1
Q04989,R894334,0
Q21974,R843881,0
Q02160,R028223,1
Q09113,R538475,0
Q23919,R185516,0
Q19451,R050194,0
Q00854,R161734,1
Q28107,R003124,1
Q04341,R487887,1
Q08508,R977080,1
Q19270,R021868,0
Q13829,R445823,0
Q01770,R527125,0
Q17142,R214918,1
Q23905,R417129,0
Q28023,R003040,1
Q27253,R002265,1
Q16283,R164898,1
Q00887,R466908,0
Q21015,R118560,1
Q30375,R005404,1
Q00656,R662510,0
Q23157,R458562,0
Q08992,R628735,1
Q08231,R855147,0
Q20334,R197088,0
Q01772,R765471,0
Q23025,R324873,0
Q27624,R002636,1
Q26659,R001667,1
Q18553,R118306,0
Q13553,R972946,0
Q05420,R495983,0
Q28193,R003211,1
Q13820,R841331,1
Q19452,R329289,0
Q03015,R819841,0
Q24601,R278089,1
Q13324,R917280,1
Q00599,R274347,0
Q28525,R003544,1
Q12608,R430302,0
Q02386,R100167,1
Q29793,R004819,1
Q07158,R450122,0
Q06224,R964996,1
Q16423,R229294,0
Q23478,R104752,0
Q04177,R196054,1
Q21483,R849278,0
Q26324,R001331,1
Q09663,R036558,1
Q14928,R935175,0
Q12155,R644553,0
Q16637,R727283,0
Q04492,R394197,0
Q07988,R432336,0
Q03619,R537469,0
Q02715,R209878,0
Q12552,R278718,0
Q15720,R267874,0
Q04451,R633264,0
Q25731,R000735,1
Q19850,R972030,0
Q16160,R607876,1
Q10103,R152148,0
Q08371,R120440,0
Q07423,R035985,1
Q21886,R924590,0
Q04726,R959434,0
Q19757,R655891,0
Q09380,R969951,0
Q21865,R307288,0
Q16025,R327460,0
Q07745,R673396,1
Q26997,R002006,1
Q00609,R342268,1
Q26809,R001818,1
Q27773,R002787,1
Q18464,R078795,1
Q26944,R001953,1
Q00116,R577148,0
Q27848,R002863,1
Q21373,R069184,0
Q15479,R117754,0
Q25232,R000235,1
Q08776,R193495,1
Q10085,R435256,0
Q01297,R849778,0
Q23614,R117804,1
Q22558,R953604,0
Q20256,R466337,1
Q13508,R169764,1
Q22285,R676794,0
Q09415,R716772,0
Q25415,R000419,1
Q05430,R636383,0
Q24253,R704988,0
Q27504,R002516,1
Q07313,R378689,0
Q07333,R680971,1
Q01248,R022221,0
Q25129,R000131,1
Q30677,R005707,1
Q29337,R004361,1
Q12911,R710404,0
Q30074,R005102,1
Q18048,R617260,0
Q28117,R003134,1
Q27892,R002907,1
Q15881,R237857,0
Q29540,R004565,1
Q28109,R003126,1
Q10706,R312834,1
Q21329,R423599,1
Q21740,R315822,0
Q04046,R163286,1
Q18966,R984465,0
Q26626,R001634,1
Q25620,R000624,1
Q16785,R021448,0
Q25863,R000869,1
Q25600,R000604,1
Q14696,R277162,0
Q29420,R004444,1
Q03480,R622842,1
Q03030,R464556,0
Q23262,R634411,0
Q01598,R885818,1
Q03306,R204717,1
Q17997,R352167,0
Q30599,R005629,1
Q06888,R312271,0
Q24792,R051010,1
Q27156,R002168,1
Q26325,R001332,1
Q16300,R892255,1
Q12373,R548432,0
Q12915,R803298,0
Q21954,R502154,1
Q23344,R888881,1
Q29963,R004990,1
Q20675,R856570,0
Q13004,R680128,0
Q15688,R289828,0
Q29444,R004468,1
Q28916,R003938,1
Q00553,R176977,0
Q15863,R640306,1
Q26191,R001198,1
Q16278,R089440,0
Q25972,R000978,1
Q15426,R738829,0
Q26454,R001462,1
Q24797,R634769,1
Q24508,R620393,0
Q29405,R004429,1
Q02074,R152374,1
Q01569,R543591,1
Q21679,R408593,1
Q03984,R920251,1
Q03450,R214608,0
Q13176,R677471,0
Q00182,R214600,0
Q27419,R002431,1
Q25824,R000829,1
Q28652,R003671,1
Q28850,R003870,1
Q24886,R651785,0
Q27963,R002980,1
Q09056,R359863,0
Q03440,R019268,1
Q01279,R012515,0
Q18494,R427678,0
Q19936,R023439,0
Q12513,R600798,1
Q27103,R002113,1
Q20639,R883403,0
Q12921,R598598,0
Q04087,R836184,1
Q08677,R144533,0
Q04213,R953951,0
Q15843,R720244,0
Q29338,R004362,1
Q00438,R866013,0
Q06027,R463671,1
Q17665,R220204,1
Q02584,R248499,1
Q10940,R949323,0
Q05800,R364117,1
Q24056,R283824,1
Q01806,R335508,0
Q25539,R000543,1
Q01006,R655225,1
Q22548,R663622,0
Q11715,R129336,1
Q04165,R954932,1
Q06209,R807875,0
Q12807,R671943,0
Q15854,R162979,0
Q08923,R006285,0
Q27662,R002674,1
Q20536,R321074,0
Q21517,R291029,0
Q13874,R834798,0
Q00620,R446295,1
Q22481,R392537,0
Q24600,R397303,0
Q03853,R555749,1
Q16658,R431230,1
Q27293,R002305,1
Q29204,R004226,1
Q14512,R417176,0
Q04157,R102046,0
Q28949,R003971,1
Q20714,R744561,0
Q29715,R004741,1
Q09710,R095734,0
Q27924,R002939,1
Q15981,R763652,0
Q25198,R000201,1
Q22654,R097077,0
Q18519,R306572,1
Q23949,R770037,1
Q30153,R005181,1
Q24049,R128701,0
Q15123,R966611,0
Q01115,R643397,0
Q16787,R067481,0
Q15792,R266088,0
Q03602,R872365,1
Q13521,R969571,0
Q04826,R427532,0
Q13040,R100151,0
Q11341,R598670,1
Q20829,R323944,0
Q26559,R001567,1
Q23076,R921158,1
Q04512,R636405,1
Q03093,R548942,0
Q04927,R427151,0
Q23436,R703783,1
Q25941,R000947,1
Q27715,R002729,1
Q01214,R487525,0
Q21244,R432640,0
Q04361,R659884,0
Q15674,R068572,0
Q26312,R001319,1
Q17521,R299362,0
Q06997,R030777,1
Q25704,R000708,1
Q06421,R213862,0
Q18245,R073237,0
Q26414,R001422,1
Q24362,R247182,0
Q26687,R001695,1
Q00707,R185350,0
Q26301,R001308,1
Q23479,R240862,1
Q17411,R799339,1
Q04771,R405855,0
Q29568,R004593,1
Q05262,R385558,0
Q26283,R001290,1
Q26964,R001973,1
Q18521,R829686,1
Q27885,R002900,1
Q11132,R426281,0
Q08763,R514852,0
Q19857,R432093,1
Q13680,R451383,0
Q18127,R712701,0
Q07982,R370745,0
Q14127,R892665,0
Q26995,R002004,1
Q27691,R002705,1
Q07422,R195204,1
Q16725,R360104,0
Q18058,R150699,0
Q04536,R687119,0
Q21032,R667128,0
Q24695,R580966,0
Q23849,R593765,1
Q30164,R005192,1
Q02153,R036050,0
Q17956,R246990,0
Q28147,R003165,1
Q07601,R790777,0
Q04073,R442983,0
Q00907,R737365,1
Q19931,R608374,0
Q24964,R796794,0
Q21932,R487734,1
Q29346,R004370,1
Q07372,R698011,0
Q10848,R598744,1
Q27384,R002396,1
Q26755,R001764,1
Q10470,R408483,0
Q14166,R141318,1
Q22621,R430161,0
Q05177,R535189,1
Q28932,R003954,1
Q05974,R079250,0
Q26377,R001385,1
Q23978,R352655,1
Q27757,R002771,1
Q21874,R437488,0
Q06226,R982497,0
Q00649,R470267,1
Q02452,R227368,1
Q15609,R322910,0
Q18232,R340768,1
Q04043,R964720,0
Q09123,R604910,0
Q27272,R002284,1
Q15453,R730525,0
Q14278,R127924,0
Q19040,R885694,1
Q13823,R479951,0
Q08324,R254876,0
Q20834,R604664,0
Q10786,R508163,0
Q02508,R043585,0
Q22328,R740530,0
Q29051,R004073,1
Q28933,R003955,1
Q18922,R318539,0
Q23252,R287089,0
Q21363,R819379,0
Q19650,R913662,0
Q18112,R224527,1
Q24697,R603771,1
Q23776,R172037,0
Q25874,R000880,1
Q02334,R747111,0
Q30410,R005439,1
Q26043,R001049,1
Q06433,R339494,0
Q20956,R546369,0
Q14396,R612084,1
Q25159,R000161,1
Q18217,R532008,0
Q07560,R224376,0
Q11463,R823400,0
Q28098,R003115,1
Q30248,R005276,1
Q17224,R994494,1
Q20305,R284681,0
Q00547,R820316,1
Q06471,R401552,0
Q07682,R898627,1
Q06315,R314174,0
Q27805,R002820,1
Q23954,R122550,1
Q05186,R785087,0
Q14969,R339723,1
Q17895,R166632,0
Q29452,R004476,1
Q21506,R699288,0
Q00955,R440640,1
Q22238,R232402,1
Q23234,R159198,0
Q05681,R501164,0
Q18213,R734112,0
Q10282,R716964,0
Q13060,R771485,0
Q10789,R252410,0
Q10294,R153434,0
Q00392,R451016,1
Q16531,R689131,0
Q23186,R429646,0
Q11973,R873220,0
Q27454,R002466,1
Q25589,R000593,1
Q29566,R004591,1
Q15933,R338308,0
Q07287,R625680,1
Q02870,R599903,0
Q12509,R029532,1
Q25157,R000159,1
Q07539,R731666,0
Q26300,R001307,1
Q02396,R347402,0
Q15838,R561135,1
Q08044,R952377,0
Q02534,R533453,0
Q24155,R807474,0
Q10962,R530124,0
Q19012,R951832,1
Q09529,R939553,0
Q28672,R003691,1
Q02302,R365095,1
Q25351,R000354,1
Q14330,R941249,0
Q28754,R003774,1
Q16020,R971851,0
Q18421,R026885,0
Q18248,R120205,0
Q08055,R044068,0
Q15511,R841242,0
Q03556,R053726,1
Q26747,R001756,1
Q14787,R436663,1
Q22146,R691744,1
Q15728,R380294,0
Q06357,R186932,0
Q01440,R230511,0
Q20478,R961158,0
Q30036,R005063,1
Q24198,R058697,0
Q08911,R031689,0
Q08710,R178198,0
Q10690,R164328,1
Q10569,R550609,0
Q20591,R919156,0
Q17080,R956769,0
Q03490,R498541,0
Q25832,R000837,1
Q07703,R385982,0
Q27656,R002668,1
Q15319,R944708,0
Q29273,R004296,1
Q15113,R783426,0
Q19989,R006181,0
Q29357,R004381,1
Q07245,R379000,1
Q06236,R739562,0
Q05298,R434792,0
Q13020,R912188,0
Q23935,R586641,0
Q10915,R034159,1
Q30025,R005052,1
Q02739,R810665,0
Q01301,R336166,0
Q28609,R003628,1
Q03067,R103517,0
Q29888,R004915,1
Q14875,R049628,0
Q28211,R003229,1
Q26573,R001581,1
Q29938,R004965,1
Q03978,R410598,0
Q09122,R051080,0
Q16015,R411394,0
Q03513,R775904,0
Q01425,R478172,1
Q07079,R395862,1
Q21850,R427483,1
Q00198,R548358,1
Q29349,R004373,1
Q14161,R365270,1
Q07638,R840340,0
Q25632,R000636,1
Q08272,R647964,0
Q09905,R459120,0
Q24783,R942172,0
Q23810,R223568,0
Q28999,R004021,1
Q17687,R728255,1
Q19651,R811905,1
Q09072,R431935,0
Q27791,R002805,1
Q12670,R232280,1
Q22143,R538445,1
Q11352,R186305,0
Q05951,R004226,0
Q01102,R286597,0
Q24649,R449231,0
Q21500,R775730,0
Q20310,R053000,1
Q12435,R847861,0
Q11308,R455484,0
Q27693,R002707,1
Q09049,R736363,0
Q16378,R282913,1
Q19167,R410956,1
Q25837,R000842,1
Q20520,R703662,0
Q26574,R001582,1
Q09909,R101540,0
Q10527,R156734,0
Q20418,R380049,0
Q27049,R002058,1
Q13301,R076712,0
Q28839,R003859,1
Q25038,R000038,1
Q26527,R001535,1
Q28016,R003033,1
Q09740,R103163,1
Q05349,R719509,1
Q05814,R296320,0
Q15440,R551733,0
Q01259,R934438,1
Q04392,R886222,0
Q29611,R004637,1
Q27292,R002304,1
Q21446,R149522,1
Q28843,R003863,1
Q08472,R603337,1
Q26986,R001995,1
Q00028,R557200,1
Q11863,R868281,1
Q06896,R994594,1
Q26174,R001181,1
Q04656,R174791,0
Q27998,R003015,1
Q25137,R000139,1
Q30614,R005644,1
Q01582,R173026,0
Q10541,R281991,1
Q09331,R274316,1
Q25171,R000174,1
Q26239,R001246,1
Q10966,R783488,0
Q10277,R711798,1
Q13519,R072980,0
Q18774,R736203,0
Q08801,R176581,0
Q26090,R001097,1
Q15666,R169657,0
Q25587,R000591,1
Q28230,R003248,1
Q26403,R001411,1
Q00294,R462833,1
Q17346,R910333,1
Q03703,R901471,0
Q11678,R337613,1
Q24753,R706898,0
Q22806,R290085,0
Q29737,R004763,1
Q02586,R645939,1
Q27473,R002485,1
Q20482,R108463,0
Q27852,R002867,1
Q19804,R659640,0
Q19917,R349767,1
Q19083,R920345,0
Q15945,R237649,1
Q26204,R001211,1
Q27176,R002188,1
Q01610,R650671,0
Q23415,R521423,1
Q14837,R941182,0
Q22182,R148245,1
Q00275,R904000,0
Q05965,R047037,0
Q13272,R278573,1
Q28782,R003802,1
Q25968,R000974,1
Q10116,R584551,1
Q24473,R227248,1
Q30269,R005297,1
Q05355,R824454,0
Q09664,R256548,0
Q00638,R885088,1
Q11759,R229954,0
Q03131,R135711,1
Q17598,R699568,1
Q23249,R486649,0
Q20196,R579356,1
Q03816,R999906,0
Q29504,R004529,1
Q25031,R000031,1
Q26549,R001557,1
Q05136,R526457,0
Q09239,R216991,0
Q04574,R389412,0
Q17380,R894472,0
Q29635,R004661,1
Q08465,R161975,1
Q18872,R130533,0
Q13735,R913845,1
Q26149,R001156,1
Q27520,R002532,1
Q28507,R003526,1
Q13329,R364964,0
Q13048,R895162,1
Q26110,R001117,1
Q16719,R922501,0
Q10698,R142877,1
Q25565,R000569,1
Q01325,R349260,0
Q03254,R689734,0
Q24371,R152602,1
Q05982,R114213,1
Q30313,R005342,1
Q22985,R079144,0
Q07022,R030399,0
Q21355,R443894,0
Q00751,R555371,0
Q04782,R547586,0
Q23773,R793223,1
Q14416,R690253,0
Q12452,R664308,1
Q25128,R000130,1
Q26073,R001080,1
Q23238,R956448,0
Q11423,R330951,1
Q14360,R063380,0
Q15872,R753130,0
Q08929,R449160,1
Q04528,R055263,1
Q25543,R000547,1
Q05388,R013394,1
Q10204,R230071,0
Q22142,R722747,1
Q14315,R663023,0
Q23075,R363169,0
Q09041,R530087,0
Q22517,R060310,0
Q04323,R555340,0
Q09806,R632312,0
Q14332,R185072,0
Q28897,R003918,1
Q04669,R605154,1
Q06340,R391821,0
Q06687,R665230,0
Q17617,R852214,1
Q07781,R632130,1
Q03775,R603295,0
Q10252,R341857,0
Q01216,R166245,0
Q17979,R920447,0
Q22534,R903487,0
Q22190,R260477,0
Q30386,R005415,1
Q01941,R440226,1
Q18461,R533520,0
Q26235,R001242,1
Q09391,R171470,0
Q03697,R737545,0
Q28515,R003534,1
Q29528,R004553,1
Q29094,R004116,1
Q25835,R000840,1
Q11688,R470631,0
Q05050,R616980,0
Q18467,R309028,0
Q10949,R642177,0
Q18052,R833611,0
Q30624,R005654,1
Q30661,R005691,1
Q04821,R588964,0
Q12827,R685517,1
Q15558,R789962,0
Q24872,R572754,0
Q21888,R432144,0
Q08591,R466614,0
Q08466,R701498,0
Q10341,R565806,1
Q05680,R587817,0
Q14939,R329040,1
Q24812,R552805,0
Q29057,R004079,1
Q30395,R005424,1
Q16276,R803099,0
Q28167,R003185,1
Q17118,R086725,0
Q25047,R000048,1
Q05556,R286826,0
Q15786,R363470,0
Q13204,R686718,0
Q03615,R561200,0
Q21559,R112265,0
Q20757,R311357,1
Q11274,R532496,0
Q25394,R000398,1
Q14638,R447430,1
Q29312,R004336,1
Q10296,R667836,0
Q03773,R224054,0
Q03579,R165979,0
Q23189,R737487,0
Q25767,R000771,1
Q29972,R004999,1
Q15641,R084056,0
Q29573,R004598,1
Q09900,R772712,1
Q26947,R001956,1
Q17989,R834415,0
Q06739,R221315,1
Q29469,R004494,1
Q00667,R075820,1
Q06869,R049892,0
Q07532,R369827,1
Q28208,R003226,1
Q25659,R000663,1
Q03481,R704208,0
Q23712,R734893,0
Q14697,R344869,0
Q26278,R001285,1
Q15308,R389430,0
Q16280,R392221,0
Q14634,R421061,1
Q18693,R685044,0
Q28641,R003660,1
Q17077,R256982,0
Q06126,R817649,1
Q04128,R825562,1
Q29362,R004386,1
Q28600,R003619,1
Q07398,R497398,0
Q25017,R000017,1
Q26238,R001245,1
Q27647,R002659,1
Q27774,R002788,1
Q23952,R931751,0
Q17140,R030133,0
Q09707,R022014,0
Q03286,R705845,0
Q03332,R590893,0
Q05655,R254248,1
Q26717,R001725,1
Q21075,R912584,1
Q16281,R164796,0
Q20624,R551356,0
Q20262,R305887,0
Q29152,R004174,1
Q29260,R004282,1
Q16543,R935214,0
Q03796,R417634,0
Q16542,R618945,0
Q09739,R779202,0
Q10142,R532166,0
Q24290,R303668,0
Q25658,R000662,1
Q06844,R588243,1
Q30552,R005582,1
Q29647,R004673,1
Q07998,R424168,0
Q27210,R002222,1
Q23063,R037812,1
Q28390,R003408,1
Q06875,R095698,0
Q13765,R438387,0
Q00193,R787551,0
Q01945,R028384,0
Q10570,R271176,0
Q09162,R293548,0
Q28727,R003747,1
Q17106,R930213,1
Q10885,R296733,0
Q18236,R385032,1
Q28428,R003446,1
Q07542,R022365,0
Q16469,R923707,0
Q24361,R102425,1
Q22079,R005358,0
Q26193,R001200,1
Q29267,R004290,1
Q10011,R981123,0
Q25537,R000541,1
Q11509,R716121,0
Q04820,R203749,1
Q23782,R950948,0
Q28773,R003793,1
Q03183,R411359,0
Q22882,R305809,1
Q28848,R003868,1
Q26099,R001106,1
Q00906,R014120,1
Q19258,R899011,0
Q24209,R066156,0
Q10460,R658365,0
Q05180,R675534,1
Q24356,R544414,0
Q23612,R128890,0
Q10136,R540960,0
Q18822,R206327,0
Q22114,R930513,0
Q25561,R000565,1
Q07663,R348118,0
Q28894,R003914,1
Q18038,R655707,1
Q21635,R480536,0
Q24739,R249137,0
Q24172,R428340,0
Q24407,R003513,0
Q19891,R922947,0
Q11844,R157975,0
Q06398,R883175,1
Q07107,R483130,1
Q30181,R005209,1
Q28284,R003302,1
Q00225,R126960,0
Q21342,R704124,0
Q21942,R219212,0
Q03994,R697989,0
Q27871,R002886,1
Q26033,R001039,1
Q28560,R003579,1
Q26872,R001881,1
Q27619,R002631,1
Q09182,R327131,0
Q24752,R366231,0
Q03663,R448043,0
Q23823,R039335,1
Q29072,R004094,1
Q28512,R003531,1
Q17768,R050884,1
Q20967,R332944,0
Q07409,R652981,0
Q20205,R997120,0
Q11117,R043282,1
Q04750,R919037,0
Q29688,R004714,1
Q08091,R397884,0
Q11628,R027146,0
Q29823,R004849,1
Q01162,R547218,0
Q05524,R868240,0
Q16737,R113407,0
Q17624,R982400,0
Q11254,R732236,0
Q16921,R091176,1
Q20903,R068930,0
Q26006,R001012,1
Q28797,R003817,1
Q01477,R802502,0
Q17189,R419007,0
Q05351,R403811,0
Q27518,R002530,1
Q19087,R777446,0
Q08381,R376697,1
Q04348,R576531,1
Q02529,R283605,0
Q21809,R514575,0
Q07558,R785352,1
Q28062,R003079,1
Q27703,R002717,1
Q29232,R004254,1
Q08484,R214628,1
Q18401,R975878,0
Q02190,R720083,0
Q21492,R270283,0
Q03181,R576331,0
Q29598,R004624,1
Q17976,R039454,1
Q02935,R790763,0
Q21068,R259892,0
Q18896,R942101,0
Q03599,R508557,1
Q14504,R672270,1
Q15407,R836982,0
Q15875,R147574,0
Q24540,R130008,0
Q17774,R287455,0
Q03457,R805624,0
Q14178,R034579,0
Q27038,R002047,1
Q15739,R254007,0
Q18345,R483969,0
Q11926,R889879,1
Q29902,R004929,1
Q21512,R973200,1
Q25827,R000832,1
Q26862,R001871,1
Q10253,R297090,0
Q22713,R596159,0
Q30207,R005235,1
Q26897,R001906,1
Q26530,R001538,1
Q03449,R032819,0
Q01129,R726707,1
Q06429,R784357,1
Q25770,R000774,1
Q19504,R185680,0
Q15217,R521531,0
Q13958,R355643,1
Q18862,R181453,0
Q15811,R344611,0
Q25615,R000619,1
Q26373,R001381,1
Q29675,R004701,1
Q25690,R000694,1
Q26741,R001750,1
Q15140,R549242,0
Q28002,R003019,1
Q22369,R229423,0
Q03489,R855368,0
Q14467,R820219,0
Q10820,R315549,1
Q13907,R501037,0
Q25153,R000155,1
Q07893,R404564,0
Q17421,R143206,0
Q28281,R003299,1
Q07527,R517991,1
Q25304,R000307,1
Q17433,R779116,0
Q14164,R573024,0
Q15014,R273274,0
Q26209,R001216,1
Q26829,R001838,1
Q21978,R754026,0
Q24190,R236731,0
Q22320,R686931,0
Q10446,R314839,0
Q04024,R133694,0
Q20228,R475019,0
Q03070,R370643,0
Q10858,R018750,1
Q18689,R105124,0
Q26348,R001355,1
Q16516,R051684,1
Q30620,R005650,1
Q04477,R424894,0
Q25501,R000505,1
Q12134,R478219,1
Q08023,R736751,1
Q09062,R970266,0
Q15969,R268718,0
Q20069,R591464,1
Q25546,R000550,1
Q01928,R949098,0
Q15231,R705616,0
Q05967,R376221,0
Q09876,R100061,0
Q26065,R001071,1
Q25504,R000508,1
Q23989,R749548,1
Q08726,R127431,0
Q24442,R685243,1
Q04559,R271392,0
Q04332,R866819,0
Q27153,R002165,1
Q29321,R004345,1
Q08452,R123918,1
Q22020,R027484,1
Q05773,R182315,0
Q03087,R584981,0
Q13626,R714397,0
Q24990,R275296,1
Q11869,R758680,0
Q20497,R689941,0
Q23230,R846540,0
Q27076,R002085,1
Q18258,R299612,1
Q27420,R002432,1
Q30138,R005166,1
Q05319,R212188,0
Q00222,R947016,0
Q12634,R622975,0
Q28114,R003131,1
Q21951,R012912,0
Q05347,R065575,0
Q13785,R156024,0
Q26711,R001719,1
Q25396,R000400,1
Q00845,R214136,0
Q00396,R868533,1
Q05632,R632284,1
Q24578,R219442,0
Q07826,R204899,0
Q12930,R520363,0
Q30040,R005067,1
Q01274,R600207,1
Q21975,R475679,0
Q05614,R544775,0
Q28615,R003634,1
Q21263,R758918,1
Q10544,R908954,1
Q06312,R244668,0
Q02966,R143819,0
Q05014,R737852,0
Q20971,R722759,1
Q02897,R375280,1
Q01316,R230119,1
Q13346,R630948,0
Q30230,R005258,1
Q11471,R335253,0
Q02383,R194314,0
Q27769,R002783,1
Q11993,R411726,0
Q27794,R002808,1
Q18234,R900132,1
Q20895,R209715,0
Q29369,R004393,1
Q25360,R000363,1
Q19768,R533336,0
Q15586,R615668,0
Q06525,R838440,0
Q00642,R476886,0
Q14763,R019654,0
Q28229,R003247,1
Q17735,R053746,1
Q18853,R946531,0
Q21904,R212432,0
Q13768,R076545,0
Q30291,R005319,1
Q08857,R080608,0
Q12762,R158173,0
Q23732,R717873,0
Q17741,R659003,0
Q01220,R758986,0
Q12952,R569837,0
Q20492,R006466,1
Q19124,R054887,0
Q29667,R004693,1
Q30655,R005685,1
Q29464,R004488,1
Q21610,R509261,0
Q02086,R254011,1
Q15968,R853448,0
Q11027,R743945,0
Q05956,R323124,0
Q22841,R355325,0
Q11385,R436862,1
Q25477,R000481,1
Q23156,R031064,0
Q29118,R004140,1
Q07059,R014159,1
Q03524,R165303,0
Q25305,R000308,1
Q28589,R003608,1
Q24431,R188130,0
Q16372,R037288,1
Q06071,R092864,0
Q04377,R770441,0
Q08764,R631990,0
Q21297,R244925,1
Q27024,R002033,1
Q06678,R374168,0
Q25110,R000112,1
Q20152,R571436,0
Q01826,R171276,0
Q12052,R700556,0
Q25223,R000226,1
Q05771,R329953,0
Q08720,R723656,0
Q21217,R198136,0
Q04873,R865205,0
Q16510,R000812,0
Q15820,R199579,1
Q06836,R519860,0
Q27437,R002449,1
Q03501,R822919,1
Q05129,R594930,0
Q23404,R377428,0
Q00433,R767496,1
Q09081,R558151,0
Q07447,R888052,0
Q04018,R015350,0
Q21144,R111192,0
Q18848,R499122,0
Q02975,R505316,0
Q20810,R029159,0
Q06499,R212358,0
Q14876,R700922,0
Q29830,R004856,1
Q01968,R276176,0
Q05169,R248072,1
Q05304,R806764,1
Q16312,R637323,0
Q25970,R000976,1
Q11804,R810788,0
Q24969,R179947,1
Q25987,R000993,1
Q10596,R556636,0
Q26198,R001205,1
Q01825,R131094,1
Q09046,R384210,0
Q06884,R879212,1
Q22412,R463089,1
Q06730,R757974,1
Q19298,R867133,0
Q30235,R005263,1
Q06483,R420201,0
Q02117,R000743,0
Q14384,R483160,0
Q02759,R297519,0
Q00084,R949656,1
Q10976,R345480,0
Q11658,R653241,0
Q27030,R002039,1
Q05867,R385997,0
Q26953,R001962,1
Q25376,R000379,1
Q17770,R918890,1
Q10860,R428770,0
Q30610,R005640,1
Q09853,R379775,0
Q27025,R002034,1
Q24938,R473556,1
Q05840,R414213,1
Q29086,R004108,1
Q03448,R509894,0
Q22987,R799304,0
Q02411,R014017,0
Q23402,R441686,0
Q17924,R833849,0
Q11310,R569700,1
Q28988,R004010,1
Q03355,R428516,1
Q10494,R925549,0
Q05931,R464921,0
Q03637,R477958,1
Q08613,R346480,0
Q27358,R002370,1
Q04352,R753314,0
Q01675,R317627,0
Q20580,R721959,0
Q06208,R106911,0
Q26333,R001340,1
Q29134,R004156,1
Q25879,R000885,1
Q07727,R086447,0
Q16897,R716442,0
Q30497,R005526,1
Q19105,R580294,1
Q30177,R005205,1
Q08347,R813957,0
Q15007,R873628,0
Q29033,R004055,1
Q16545,R524329,1
Q24336,R424922,0
Q27217,R002229,1
Q24917,R725156,1
Q21522,R281303,0
Q07619,R503470,0
Q18352,R232722,0
Q05737,R732618,1
Q07981,R878189,1
Q15100,R072402,0
Q26979,R001988,1
Q11131,R898538,0
Q14341,R374894,0
Q22758,R182798,0
Q03429,R900332,0
Q30503,R005533,1
Q05542,R892005,0
Q28654,R003673,1
Q25200,R000203,1
Q26128,R001135,1
Q27198,R002210,1
Q05158,R261417,0
Q13388,R857869,0
Q15611,R785168,0
Q27670,R002682,1
Q16087,R917758,0
Q03474,R369061,0
Q20190,R079921,0
Q28279,R003297,1
Q26666,R001674,1
Q29856,R004882,1
Q00220,R409236,1
Q19447,R200235,0
Q27091,R002101,1
Q01746,R930695,1
Q11984,R920681,0
Q03218,R033871,1
Q00277,R951896,0
Q23828,R853881,1
Q15220,R182599,1
Q02847,R994257,0
Q24359,R809373,1
Q14483,R032077,1
Q05381,R897269,0
Q22980,R128869,0
Q19455,R703692,1
Q26892,R001901,1
Q29060,R004082,1
Q27902,R002917,1
Q05629,R984900,1
Q20381,R700095,1
Q17086,R980671,0
Q09935,R541587,1
Q10101,R915407,0
Q12492,R981613,0
Q22214,R509141,0
Q09661,R976712,0
Q08970,R580913,0
Q23391,R777065,1
Q22374,R206688,0
Q30366,R005395,1
Q28381,R003399,1
Q05280,R991357,1
Q01333,R424422,0
Q19724,R265621,1
Q18095,R950750,0
Q11999,R675535,0
Q02054,R040336,0
Q26225,R001232,1
Q05517,R751881,0
Q02505,R720321,1
Q27119,R002129,1
Q15487,R026292,0
Q04837,R206916,1
Q11033,R014829,0
Q19564,R278112,1
Q08253,R849540,1
Q30496,R005525,1
Q19601,R147494,1
Q25218,R000221,1
Q22726,R354900,0
Q14528,R143657,0
Q26572,R001580,1
Q22563,R510284,0
Q06245,R412892,1
Q13932,R405595,0
Q04237,R532744,0
Q16615,R962742,0
Q28071,R003088,1
Q07230,R243874,0
Q08886,R328391,0
Q28508,R003527,1
Q10099,R670750,0
Q24297,R450236,0
Q25718,R000722,1
Q14357,R934255,0
Q21677,R418434,1
Q29103,R004125,1
Q06860,R121913,0
Q18987,R022504,0
Q21832,R428507,0
Q17769,R258313,1
Q16841,R353287,0
Q30394,R005423,1
Q16608,R623802,0
Q12837,R436180,0
Q17919,R893808,0
Q22612,R328683,0
Q17835,R691046,0
Q23058,R105767,0
Q24999,R473589,1
Q10077,R581824,0
Q01186,R988167,0
Q13317,R122973,0
Q12579,R602584,0
Q16645,R586624,1
Q01452,R206944,0
Q12910,R080170,0
Q03715,R798272,1
Q11894,R400857,0
Q08445,R686634,0
Q29401,R004425,1
Q26804,R001813,1
Q25190,R000193,1
Q10773,R760236,0
Q15336,R911028,0
Q27659,R002671,1
Q22753,R047792,0
Q14232,R715285,0
Q17190,R902637,1
Q04563,R846646,1
Q06632,R930270,0
Q10143,R389846,0
Q04692,R310281,1
Q14085,R441325,0
Q13427,R479203,0
Q11020,R630354,0
Q29183,R004205,1
Q26027,R001033,1
Q28616,R003635,1
Q07124,R985209,0
Q10426,R008636,1
Q26522,R001530,1
Q28403,R003421,1
Q17991,R727403,1
Q18336,R864027,1
Q24749,R394051,0
Q27996,R003013,1
Q13801,R551276,1
Q25238,R000241,1
Q28527,R003546,1
Q27221,R002233,1
Q10433,R576211,1
Q15434,R873013,0
Q12043,R479736,0
Q28032,R003049,1
Q00123,R689939,1
Q02831,R943088,0
Q10790,R033754,1
Q17318,R927755,0
Q04022,R077006,0
Q27931,R002947,1
Q26441,R001449,1
Q00568,R279969,0
Q29351,R004375,1
Q11387,R669131,0
Q28820,R003840,1
Q02980,R221076,0
Q23154,R622667,0
Q06652,R276231,1
Q25252,R000255,1
Q29734,R004760,1
Q26672,R001680,1
Q02589,R353960,0
Q15325,R142714,1
Q10040,R946959,0
Q16076,R973657,0
Q25953,R000959,1
Q29225,R004247,1
Q04748,R238578,0
Q04188,R989522,1
Q02093,R536800,1
Q13659,R697104,0
Q29746,R004772,1
Q26135,R001142,1
Q22574,R097744,1
Q21388,R480430,1
Q02764,R124978,0
Q18510,R658369,0
Q07117,R249624,0
Q06590,R709157,0
Q06410,R228764,1
Q29067,R004089,1
Q07400,R509243,0
Q03758,R255161,0
Q04884,R396249,1
Q13264,R032433,1
Q30422,R005451,1
Q03784,R071066,1
Q22257,R696188,0
Q24244,R876237,0
Q28457,R003475,1
Q11656,R102766,1
Q19458,R960083,0
Q21109,R083827,0
Q17266,R166865,0
Q19814,R948972,0
Q26909,R001918,1
Q06727,R459298,0
Q19125,R573712,0
Q07086,R683971,0
Q09778,R450754,0
Q14886,R908083,0
Q03919,R855799,0
Q15677,R384642,0
Q26363,R001371,1
Q16335,R054160,0
Q03454,R363932,0
Q18047,R546841,0
Q28471,R003490,1
Q27037,R002046,1
Q28756,R003776,1
Q25656,R000660,1
Q10014,R565433,0
Q01023,R681303,1
Q28187,R003205,1
Q00972,R451020,0
Q29450,R004474,1
Q27702,R002716,1
Q23505,R292512,0
Q15536,R785789,0
Q24424,R331973,0
Q30563,R005593,1
Q30357,R005386,1
Q18642,R111678,0
Q02554,R612854,0
Q25825,R000830,1
Q12627,R449953,1
Q27919,R002934,1
Q15165,R985058,0
Q18338,R160095,0
Q26473,R001481,1
Q26948,R001957,1
Q05209,R540848,0
Q29288,R004311,1
Q01736,R624077,0
Q24103,R540439,0
Q11348,R466141,0
Q14158,R522481,0
Q03755,R810738,0
Q23397,R333186,0
Q02817,R042841,0
Q01027,R452051,0
Q02958,R184808,0
Q11967,R750651,0
Q27995,R003012,1
Q06474,R414272,0
Q12667,R014770,1
Q21168,R449941,1
Q25278,R000281,1
Q28022,R003039,1
Q01861,R596466,0
Q27377,R002389,1
Q17533,R055890,0
Q07151,R233788,1
Q06767,R920223,1
Q13549,R491609,0
Q02752,R058787,0
Q04381,R032330,1
Q04432,R523794,0
Q11441,R158032,1
Q25684,R000688,1
Q17560,R212112,1
Q11860,R430118,1
Q16474,R417936,0
Q09479,R805909,0
Q27275,R002287,1
Q29812,R004838,1
Q13706,R428010,0
Q19774,R463130,1
Q28363,R003381,1
Q23041,R830392,0
Q27543,R002555,1
Q30236,R005264,1
Q10080,R189509,0
Q14914,R300026,0
Q27936,R002952,1
Q26264,R001271,1
Q14234,R530122,0
Q10521,R524580,0
Q13569,R732194,1
Q28304,R003322,1
Q13194,R636379,0
Q14810,R615882,0
Q30484,R005513,1
Q30173,R005201,1
Q13693,R893138,0
Q11605,R142492,0
Q00217,R505137,1
Q24909,R675986,1
Q28723,R003743,1
Q19964,R137656,0
Q15882,R571741,0
Q22117,R699639,0
Q27735,R002749,1
Q27845,R002860,1
Q22845,R601061,1
Q12568,R313660,0
Q22977,R959902,0
Q04588,R456124,1
Q14723,R963521,0
Q29292,R004315,1
Q19992,R173897,0
Q12874,R190514,1
Q28673,R003692,1
Q12296,R006752,0
Q21971,R316864,0
Q04529,R412209,0
Q25497,R000501,1
Q17808,R227281,1
Q29983,R005010,1
Q27094,R002104,1
Q02655,R667299,0
Q27330,R002342,1
Q23999,R154397,1
Q14678,R292684,0
Q02830,R962977,0
Q08295,R051559,1
Q26079,R001086,1
Q10807,R298067,0
Q29114,R004136,1
Q00121,R251954,0
Q13173,R279567,0
Q28145,R003163,1
Q12809,R267154,1
Q08467,R210808,1
Q16910,R788437,0
Q17372,R597613,0
Q26992,R002001,1
Q00288,R579441,0
Q07458,R934072,0
Q25181,R000184,1
Q23481,R539235,0
Q10503,R429505,0
Q14938,R678255,0
Q22906,R351060,0
Q28537,R003556,1
Q29981,R005008,1
Q01097,R013545,0
Q24698,R057632,1
Q29441,R004465,1
Q13284,R836078,1
Q30402,R005431,1
Q26216,R001223,1
Q30116,R005144,1
Q20486,R719700,0
Q07984,R474745,0
Q25362,R000365,1
Q27877,R002892,1
Q15467,R118820,1
Q26237,R001244,1
Q17901,R893979,0
Q25323,R000326,1
Q29818,R004844,1
Q24536,R004959,0
Q28798,R003818,1
Q08794,R989887,0
Q22509,R503845,0
Q26757,R001766,1
Q17320,R186405,1
Q24718,R354738,0
Q07734,R605942,1
Q25359,R000362,1
Q25233,R000236,1
Q25027,R000027,1
Q24148,R798213,1
Q27549,R002561,1
Q24874,R688577,0
Q08341,R152493,0
Q02004,R178400,0
Q19375,R075388,0
Q03502,R033858,0
Q24112,R326623,1
Q28826,R003846,1
Q19246,R910429,1
Q25975,R000981,1
Q11231,R640606,0
Q22060,R589669,1
Q30293,R005321,1
Q03498,R649868,0
Q01847,R542212,0
Q13504,R385019,0
Q20740,R431878,0
Q08122,R264646,1
Q30217,R005245,1
Q11629,R138852,0
Q12916,R261597,0
Q09189,R024056,0
Q06827,R184305,0
Q16215,R118792,0
Q10174,R651411,0
Q06677,R665599,0
Q11983,R202208,0
Q10650,R900730,0
Q30507,R005537,1
Q14888,R698082,1
Q23887,R223572,1
Q16141,R807118,1
Q04801,R960790,0
Q12434,R235689,0
Q21502,R987781,0
Q18200,R815241,0
Q07251,R565243,1
Q04615,R686903,0
Q03777,R672087,1
Q30501,R005531,1
Q24476,R825034,0
Q15480,R588547,0
Q03654,R782971,0
Q01927,R539128,0
Q14352,R031262,1
Q17763,R952422,1
Q06462,R692824,0
Q02147,R390362,0
Q25823,R000828,1
Q26355,R001363,1
Q18212,R189828,0
Q22317,R054685,0
Q16262,R754507,0
Q13627,R576781,0
Q17590,R548740,0
Q12805,R608054,1
Q27785,R002799,1
Q30150,R005178,1
Q14991,R855513,0
Q05005,R475672,1
Q21071,R374263,1
Q11405,R047996,1
Q03627,R096071,0
Q26642,R001650,1
Q30193,R005221,1
Q11112,R924567,1
Q06793,R543497,0
Q23734,R466398,0
Q05058,R770691,0
Q25246,R000249,1
Q29489,R004514,1
Q08768,R866536,1
Q25450,R000454,1
Q24796,R924595,0
Q17330,R769182,0
Q26649,R001657,1
Q09018,R396981,0
Q18434,R946554,0
Q24530,R627823,0
Q19319,R098706,0
Q12244,R186725,1
Q25086,R000088,1
Q24394,R868280,1
Q07938,R173518,0
Q02503,R776120,0
Q20954,R981521,0
Q28452,R003470,1
Q01198,R950638,0
Q28548,R003567,1
Q08175,R601533,0
Q22623,R116327,0
Q21203,R580690,1
Q06146,R692254,0
Q09653,R820497,0
Q25189,R000192,1
Q22916,R643262,0
Q29457,R004481,1
Q28885,R003905,1
Q16813,R594114,1
Q03245,R976140,1
Q09961,R707252,0
Q04781,R034714,0
Q20814,R605995,0
Q23867,R874768,0
Q13787,R296455,0
Q26525,R001533,1
Q16268,R991323,0
Q13327,R011701,0
Q08201,R266357,0
Q20180,R596041,1
Q02613,R943963,1
Q22557,R686879,1
Q30234,R005262,1
Q19289,R348867,1
Q07308,R462755,0
Q16185,R557004,0
Q11835,R450178,1
Q18172,R439107,1
Q26514,R001522,1
Q28982,R004004,1
Q09317,R748630,0
Q20264,R469864,0
Q21777,R419365,0
Q18542,R759071,0
Q28150,R003168,1
Q26010,R001016,1
Q03085,R517394,1
Q16388,R798779,0
Q01528,R461724,1
Q07651,R023296,0
Q21108,R415322,0
Q13137,R620286,1
Q04299,R219234,0
Q03809,R651768,0
Q08428,R251558,0
Q27246,R002258,1
Q26830,R001839,1
Q21490,R692716,0
Q25911,R000917,1
Q05045,R017781,0
Q29383,R004407,1
Q18149,R558403,0
Q25099,R000101,1
Q17387,R755561,1
Q07368,R072898,0
Q25720,R000724,1
Q27687,R002701,1
Q17805,R848338,1
Q02649,R185871,1
Q12690,R410261,0
Q23355,R699105,0
Q18328,R057695,1
Q22723,R215627,0
Q23320,R320995,0
Q15813,R769469,0
Q01292,R569833,1
Q17791,R205492,0
Q10367,R610297,1
Q02921,R855854,0
Q26583,R001591,1
Q06384,R470056,1
Q06667,R511231,0
Q14364,R562880,0
Q22734,R203954,1
Q17414,R736568,0
Q05403,R374539,0
Q02749,R393426,1
Q00307,R822236,0
Q27380,R002392,1
Q05954,R963524,0
Q27320,R002332,1
Q25105,R000107,1
Q18041,R939626,0
Q11612,R116495,0
Q23445,R994888,0
Q29448,R004472,1
Q29266,R004289,1
Q08273,R244384,0
Q12061,R119087,1
Q26974,R001983,1
Q30084,R005112,1
Q21966,R371675,0
Q01104,R957248,0
Q24672,R570886,1
Q22310,R511837,0
Q25352,R000355,1
Q23143,R652373,0
Q03924,R698990,0
Q21008,R228334,0
Q00878,R314087,0
Q04328,R474966,0
Q26101,R001108,1
Q09051,R837355,0
Q05399,R707531,0
Q08289,R701044,0
Q26951,R001960,1
Q03214,R064669,1
Q17981,R372075,1
Q27729,R002743,1
Q06999,R974029,0
Q18515,R921099,1
Q27034,R002043,1
Q16614,R281000,0
Q03929,R974218,0
Q00607,R199799,1
Q22566,R395539,0
Q27188,R002200,1
Q26118,R001125,1
Q08393,R686421,0
Q20066,R383570,0
Q30263,R005291,1
Q18534,R154175,0
Q04004,R451987,0
Q06820,R569846,0
Q20505,R926711,0
Q22829,R386501,0
Q12761,R205849,0
Q20173,R589290,1
Q08424,R856435,0
Q04031,R745635,0
Q26748,R001757,1
Q13462,R391819,0
Q03895,R390082,1
Q25894,R000900,1
Q04736,R332568,0
Q19414,R195737,0
Q02149,R316706,0
Q01099,R938644,0
Q15905,R158962,0
Q09686,R868410,0
Q17713,R331753,0
Q30274,R005302,1
Q09066,R287395,1
Q28467,R003485,1
Q01188,R224883,1
Q19925,R549877,0
Q30174,R005202,1
Q16550,R517284,1
Q29253,R004275,1
Q23360,R339361,1
Q22673,R628977,0
Q05861,R009956,0
Q07214,R357756,0
Q21993,R565439,0
Q18502,R530836,0
Q17494,R343861,0
Q19474,R577039,0
Q16094,R531635,0
Q14661,R641817,1
Q14157,R660429,1
Q25508,R000512,1
Q26801,R001810,1
Q25367,R000370,1
Q06198,R324918,0
Q20501,R259092,0
Q28125,R003143,1
Q08245,R953598,1
Q09251,R296903,0
Q26317,R001324,1
Q02116,R362641,0
Q17276,R013802,1
Q25786,R000791,1
Q04221,R050023,0
Q08697,R339853,0
Q29153,R004175,1
Q22662,R358473,1
Q08657,R042554,1
Q00239,R794981,0
Q12575,R142201,0
Q26041,R001047,1
Q17220,R058648,0
Q19239,R105104,0
Q03257,R446003,0
Q23174,R739216,0
Q12162,R001668,0
Q03412,R733230,0
Q14081,R677164,0
Q27680,R002694,1
Q27487,R002499,1
Q22803,R079135,0
Q19178,R892936,0
Q24035,R910989,0
Q03823,R182919,0
Q25366,R000369,1
Q11793,R485041,1
Q13847,R659702,1
Q19683,R774129,0
Q03576,R135724,0
Q04025,R511215,0
Q28205,R003223,1
Q13561,R508393,0
Q10928,R585572,0
Q23485,R270181,0
Q00053,R976012,0
Q26719,R001727,1
Q20115,R901646,1
Q06465,R201964,0
Q26228,R001235,1
Q27635,R002647,1
Q18957,R561788,0
Q27673,R002685,1
Q29305,R004328,1
Q15313,R526266,0
Q01113,R255665,1
Q10822,R395096,0
Q23981,R746842,0
Q13749,R578968,0
Q25653,R000657,1
Q16814,R979980,0
Q28340,R003358,1
Q07213,R224254,0
Q05463,R340440,0
Q02191,R758049,0
Q08315,R492564,0
Q07714,R959976,0
Q09958,R489008,0
Q27097,R002107,1
Q08678,R787248,1
Q28905,R003926,1
Q29409,R004433,1
Q04715,R145943,0
Q25662,R000666,1
Q30218,R005246,1
Q02528,R941801,0
Q16519,R879190,0
Q27926,R002941,1
Q28172,R003190,1
Q10435,R916407,0
Q00914,R295511,0
Q01204,R026440,1
Q19009,R951601,0
Q20519,R348508,1
Q00435,R933148,0
Q13155,R517684,0
Q24333,R279715,0
Q09388,R813043,1
Q28202,R003220,1
Q13647,R841282,0
Q01340,R162982,0
Q14222,R788162,0
Q08062,R926220,1
Q28635,R003654,1
Q28712,R003731,1
Q26352,R001359,1
Q29969,R004996,1
Q14005,R757964,1
Q28501,R003520,1
Q09852,R442521,0
Q16695,R147957,1
Q13207,R215736,0
Q14047,R279213,0
Q29400,R004424,1
Q26003,R001009,1
Q29325,R004349,1
Q07459,R909632,0
Q13532,R035753,1
Q04127,R232281,0
Q30521,R005551,1
Q28509,R003528,1
Q21963,R617475,0
Q21369,R879730,0
Q23756,R945706,1
Q30259,R005287,1
Q27145,R002157,1
Q26460,R001468,1
Q22115,R097893,1
Q13600,R765431,0
Q29324,R004348,1
Q28126,R003144,1
Q15238,R692594,1
Q12130,R607040,1
Q15126,R271767,0
Q15004,R793994,0
Q02628,R683753,0
Q29806,R004832,1
Q18319,R796765,0
Q22225,R339981,1
Q18607,R158256,1
Q20433,R177833,0
Q25075,R000077,1
Q11506,R918874,0
Q03285,R025235,1
Q12154,R913519,0
Q01317,R175778,0
Q14029,R223341,0
Q14640,R163087,1
Q27333,R002345,1
Q04393,R098682,0
Q20866,R343214,1
Q05153,R099142,0
Q30505,R005535,1
Q26538,R001546,1
Q20120,R543498,0
Q13292,R767535,1
Q30527,R005557,1
Q29587,R004612,1
Q21145,R608906,1
Q01947,R847891,0
Q00497,R567348,1
Q27752,R002766,1
Q16299,R108454,0
Q25697,R000701,1
Q27352,R002364,1
Q18372,R649261,0
Q29590,R004616,1
Q01257,R118723,0
Q25059,R000060,1
Q19373,R850296,0
Q03307,R716382,0
Q00158,R725498,0
Q17210,R638939,0
Q25671,R000675,1
Q07343,R780059,1
Q07587,R974020,0
Q10436,R467902,1
Q19055,R247591,1
Q12487,R571297,0
Q19943,R449168,0
Q08163,R094363,0
Q27749,R002763,1
Q25226,R000229,1
Q07156,R341883,0
Q16771,R479901,1
Q17338,R424896,0
Q15566,R601331,0
Q01711,R535181,0
Q28478,R003497,1
Q08525,R180872,0
Q20321,R993730,0
Q13249,R759420,0
Q04741,R665705,1
Q09983,R103861,1
Q24233,R654022,0
Q06797,R520802,1
Q15512,R305402,1
Q04951,R433399,0
Q17535,R332001,0
Q00389,R552823,1
Q12559,R530087,0
Q14618,R549003,0
Q12242,R977337,1
Q20744,R086389,0
Q04841,R111091,0
Q03356,R775349,0
Q28979,R004001,1
Q27831,R002846,1
Q07143,R202787,0
Q18320,R447612,0
Q06759,R445311,0
Q02186,R724683,0
Q22658,R650107,1
Q14703,R596985,1
Q27788,R002802,1
Q00015,R939947,0
Q04174,R345568,1
Q14621,R155116,0
Q13288,R586024,0
Q20340,R738710,0
Q06253,R033241,1
Q28029,R003046,1
Q00374,R608510,0
Q00244,R455910,0
Q07296,R650255,1
Q29133,R004155,1
Q29297,R004320,1
Q09456,R694318,0
Q26767,R001776,1
Q22521,R577452,1
Q18375,R867044,0
Q16224,R447521,1
Q26800,R001809,1
Q27006,R002015,1
Q25772,R000776,1
Q12036,R753380,0
Q17898,R027382,1
Q08707,R655244,1
Q08483,R193953,0
Q28294,R003312,1
Q10817,R353376,1
Q28331,R003349,1
Q24225,R600073,0
Q20064,R896337,0
Q10636,R443474,0
Q20376,R978411,1
Q09508,R102239,1
Q27894,R002909,1
Q13032,R172591,1
Q19360,R568893,1
Q05582,R615194,0
Q07425,R412974,1
Q07049,R906457,0
Q28379,R003397,1
Q26386,R001394,1
Q29002,R004024,1
Q29929,R004956,1
Q05945,R464617,1
Q22894,R580940,0
Q21248,R152087,1
Q19631,R701631,1
Q09762,R469214,0
Q28427,R003445,1
Q26226,R001233,1
Q21638,R638668,1
Q10664,R346859,1
Q21237,R301877,0
Q26421,R001429,1
Q29954,R004981,1
Q29151,R004173,1
Q15438,R249127,1
Q12821,R196848,0
Q05518,R656643,0
Q04579,R995183,0
Q07810,R102443,1
Q03283,R875167,0
Q09823,R863713,1
Q26442,R001450,1
Q00334,R933213,0
Q18812,R171941,0
Q13066,R875130,1
Q15639,R834339,1
Q28407,R003425,1
Q24905,R339428,0
Q25292,R000295,1
Q25188,R000191,1
Q29863,R004889,1
Q03094,R620736,0
Q20993,R765990,1
Q11831,R766576,1
Q04033,R499270,0
Q26447,R001455,1
Q21429,R417889,1
Q20960,R643159,0
Q07439,R492945,1
Q26916,R001925,1
Q14411,R062342,0
Q29813,R004839,1
Q04076,R455520,1
Q16591,R933164,1
Q00919,R559993,1
Q15070,R899455,0
Q29922,R004949,1
Q27697,R002711,1
Q01630,R609821,0
Q20915,R773835,0
Q08271,R955015,0
Q04754,R024675,0
Q13109,R648792,0
Q04083,R772001,1
Q27414,R002426,1
Q29796,R004822,1
Q26097,R001104,1
Q17389,R943009,0
Q12332,R889970,0
Q04995,R776006,0
Q25682,R000686,1
Q14031,R669733,0
Q04192,R339997,0
Q20959,R616044,1
Q19918,R116226,0
Q13766,R299140,1
Q16886,R183486,0
Q06814,R698760,1
Q12987,R806275,1
Q20923,R913099,0
Q20882,R673706,0
Q18227,R118451,0
Q30261,R005289,1
Q06490,R724328,0
Q04571,R198907,0
Q14686,R550176,0
Q23289,R365869,0
Q07256,R689525,0
Q12308,R892366,0
Q23273,R660301,0
Q26617,R001625,1
Q10008,R103777,0
Q12932,R532492,1
Q20211,R885107,0
Q29828,R004854,1
Q14654,R067444,1
Q27779,R002793,1
Q09982,R890078,0
Q29139,R004161,1
Q21698,R398841,0
Q11675,R497416,1
Q16711,R186256,1
Q25051,R000052,1
Q01850,R902997,1
Q16524,R396669,0
Q09684,R523397,0
Q13886,R281353,0
Q26448,R001456,1
Q00289,R118322,0
Q17196,R616865,0
Q24086,R838822,1
Q05444,R717623,0
Q10788,R033210,1
Q14361,R861816,0
Q19426,R192844,1
Q07708,R404308,0
Q25471,R000475,1
Q17627,R347734,0
Q23185,R410074,0
Q02513,R986078,1
Q10945,R208797,1
Q20004,R260182,1
Q11275,R410151,0
Q00471,R747517,1
Q24633,R570378,0
Q27804,R002819,1
Q25642,R000646,1
Q18611,R191328,1
Q03241,R954600,1
Q26156,R001163,1
Q28661,R003680,1
Q25451,R000455,1
Q28323,R003341,1
Q29523,R004548,1
Q22216,R751301,1
Q03631,R314223,0
Q09257,R398692,0
Q12065,R165757,1
Q22763,R789008,0
Q21709,R863258,0
Q06704,R745187,0
Q02441,R264413,0
Q23673,R840439,1
Q18695,R414467,0
Q22923,R687448,0
Q08104,R673630,1
Q08429,R223901,0
Q00641,R230906,0
Q00393,R080786,1
Q20379,R755531,0
Q18528,R184822,0
Q18514,R117068,0
Q23975,R514529,0
Q15934,R411175,1
Q00279,R835598,1
Q05130,R055298,0
Q30646,R005676,1
Q06953,R451982,1
Q20049,R239391,0
Q05528,R094480,1
Q22837,R103144,1
Q08567,R632034,0
Q04840,R867378,0
Q04939,R886996,0
Q25919,R000925,1
Q00970,R215680,0
Q21553,R932747,1
Q29042,R004064,1
Q20312,R448277,0
Q25118,R000120,1
Q25093,R000095,1
Q07431,R483619,0
Q13414,R164848,0
Q29866,R004892,1
Q06616,R728000,0
Q14116,R664066,1
Q10652,R726155,0
Q19537,R542523,0
Q28038,R003055,1
Q22339,R183241,0
Q10781,R720685,0
Q26313,R001320,1
Q06316,R661462,0
Q28448,R003466,1
Q16026,R135864,0
Q26506,R001514,1
Q16387,R139800,0
Q22926,R435779,1
Q23803,R938401,0
Q21576,R129097,0
Q07050,R608682,0
Q17616,R140524,0
Q03352,R608606,0
Q18238,R638840,0
Q11139,R421874,1
Q22852,R242383,0
Q08751,R176036,0
Q13990,R784498,0
Q07831,R300830,0
Q12628,R408453,0
Q19401,R258163,0
Q13503,R655219,1
Q09141,R102415,0
Q05002,R569741,0
Q10561,R340228,0
Q09672,R698227,1
Q28521,R003540,1
Q30589,R005619,1
Q05237,R334803,1
Q11034,R603802,0
Q23911,R670928,0
Q24641,R126622,1
Q22419,R554365,1
Q17146,R519021,0
Q21652,R032502,0
Q12581,R381759,1
Q19685,R339338,1
Q23163,R230436,0
Q14622,R772803,0
Q24811,R954359,1
Q11395,R629410,0
Q02446,R196935,0
Q27796,R002810,1
Q28335,R003353,1
Q01324,R318505,0
Q06899,R464276,1
Q05255,R523465,1
Q19955,R681485,1
Q09153,R731256,0
Q03398,R802895,1
Q09515,R371303,1
Q17874,R300676,0
Q11051,R270679,1
Q00167,R358656,0
Q01170,R645475,0
Q02671,R386825,0
Q08012,R825476,1
Q09716,R632176,0
Q26014,R001020,1
Q29903,R004930,1
Q11893,R238291,0
Q17800,R133663,0
Q02270,R315826,0
Q12862,R030369,0
Q07717,R651464,1
Q28271,R003289,1
Q15675,R022272,0
Q02048,R194460,1
Q03647,R250899,0
Q01284,R145800,0
Q24138,R166227,0
Q26322,R001329,1
Q08586,R361647,0
Q04578,R944748,1
Q10868,R865278,0
Q07207,R146901,0
Q14287,R343984,1
Q01269,R318385,1
Q17170,R831777,0
Q03658,R119873,1
Q29567,R004592,1
Q14441,R810544,0
Q03794,R079561,1
Q06889,R143444,0
Q08700,R145070,0
Q07834,R183008,0
Q25794,R000799,1
Q08594,R754365,0
